Insumo,Média
seringas,1045.4545454545455
luvas,1600.0
mascaras,934.5454545454545
tubos de coleta,1352.7272727272727
álcool 70%,532.7272727272727
agulhas,795.4545454545455
papel toalha,324.09090909090907
gazes,759.5454545454545
swabs,662.7272727272727
